id,name,category,thickness_mm,price,edgePrice,image,discount,status,description,pros,care,supplier,supplierUrl,datasheetUrl
antique-brown-30-mm-granit,Antique Brown (30 mm),Granit,30,2678,395,,-0.10,available,,,,,,
antique-brown-20-mm-granit,Antique Brown (20 mm),Granit,20,2678,395,,-0.10,available,,,,,,
belvedere-30-mm-granit,Belvedere (30 mm),Granit,30,3704,395,,-0.10,available,,,,,,
belvedere-20-mm-granit,Belvedere (20 mm),Granit,20,3704,395,,-0.10,available,,,,,,
bianco-sardo-30-mm-granit,Bianco Sardo (30 mm),Granit,30,1177,395,,-0.10,available,,,,,,
bianco-sardo-20-mm-granit,Bianco Sardo (20 mm),Granit,20,1177,395,,-0.10,available,,,,,,
blue-in-the-night-30-mm-granit,Blue In The Night (30 mm),Granit,30,2203,395,,-0.10,available,,,,,,
blue-in-the-night-20-mm-granit,Blue In The Night (20 mm),Granit,20,2203,395,,-0.10,available,,,,,,
blue-pearl-30-mm-granit,Blue Pearl (30 mm),Granit,30,2516,395,,-0.10,available,,,,,,
blue-pearl-20-mm-granit,Blue Pearl (20 mm),Granit,20,2516,395,,-0.10,available,,,,,,
bohus-grey-30-mm-granit,Bohus Grey (30 mm),Granit,30,2020,395,,-0.10,available,,,,,,
bohus-grey-20-mm-granit,Bohus Grey (20 mm),Granit,20,2020,395,,-0.10,available,,,,,,
colonial-ivory-30-mm-granit,Colonial Ivory (30 mm),Granit,30,2441,395,,-0.10,available,,,,,,
colonial-ivory-20-mm-granit,Colonial Ivory (20 mm),Granit,20,2441,395,,-0.10,available,,,,,,
colonial-white-30-mm-granit,Colonial White (30 mm),Granit,30,2020,395,,-0.10,available,,,,,,
colonial-white-20-mm-granit,Colonial White (20 mm),Granit,20,2020,395,,-0.10,available,,,,,,
emerald-pearl-30-mm-granit,Emerald Pearl (30 mm),Granit,30,2549,395,,-0.10,available,,,,,,
emerald-pearl-20-mm-granit,Emerald Pearl (20 mm),Granit,20,2549,395,,-0.10,available,,,,,,
galaxy-star-30-mm-granit,Galaxy Star (30 mm),Granit,30,2603,395,,-0.10,available,,,,,,
galaxy-star-20-mm-granit,Galaxy Star (20 mm),Granit,20,2603,395,,-0.10,available,,,,,,
giallo-veneziano-30-mm-granit,Giallo Veneziano (30 mm),Granit,30,2257,395,,-0.10,available,,,,,,
giallo-veneziano-20-mm-granit,Giallo Veneziano (20 mm),Granit,20,2257,395,,-0.10,available,,,,,,
labrador-antique-30-mm-granit,Labrador Antique (30 mm),Granit,30,3834,395,,-0.10,available,,,,,,
labrador-antique-20-mm-granit,Labrador Antique (20 mm),Granit,20,3834,395,,-0.10,available,,,,,,
lemon-ice-30-mm-granit,Lemon Ice (30 mm),Granit,30,2074,395,,-0.10,available,,,,,,
lemon-ice-20-mm-granit,Lemon Ice (20 mm),Granit,20,2074,395,,-0.10,available,,,,,,
nero-africa-impala-black-30-mm-granit,Nero Africa / Impala Black (30 mm),Granit,30,1620,395,,-0.10,available,,,,,,
nero-africa-impala-black-20-mm-granit,Nero Africa / Impala Black (20 mm),Granit,20,1620,395,,-0.10,available,,,,,,
nero-assoluto-30-mm-granit,Nero Assoluto (30 mm),Granit,30,2128,395,,-0.10,available,,,,,,
nero-assoluto-20-mm-granit,Nero Assoluto (20 mm),Granit,20,2128,395,,-0.10,available,,,,,,
star-gate-30-mm-granit,Star Gate (30 mm),Granit,30,2419,395,,-0.10,available,,,,,,
star-gate-20-mm-granit,Star Gate (20 mm),Granit,20,2419,395,,-0.10,available,,,,,,
steel-grey-30-mm-granit,Steel Grey (30 mm),Granit,30,2257,395,,-0.10,available,,,,,,
steel-grey-20-mm-granit,Steel Grey (20 mm),Granit,20,2257,395,,-0.10,available,,,,,,
verde-savana-30-mm-granit,Verde Savana (30 mm),Granit,30,2365,395,,-0.10,available,,,,,,
verde-savana-20-mm-granit,Verde Savana (20 mm),Granit,20,2365,395,,-0.10,available,,,,,,
viscount-white-30-mm-granit,Viscount White (30 mm),Granit,30,2074,395,,-0.10,available,,,,,,
viscount-white-20-mm-granit,Viscount White (20 mm),Granit,20,2074,395,,-0.10,available,,,,,,
bianco-carrara-c-30-mm-marmor,Bianco Carrara C (30 mm),Marmor,30,3078,395,,-0.10,available,,,,,,
bianco-carrara-c-20-mm-marmor,Bianco Carrara C (20 mm),Marmor,20,3078,395,,-0.10,available,,,,,,
blue-savoy-30-mm-marmor,Blue Savoy (30 mm),Marmor,30,7204,395,,-0.10,available,,,,,,
blue-savoy-20-mm-marmor,Blue Savoy (20 mm),Marmor,20,7204,395,,-0.10,available,,,,,,
botticino-classico-30-mm-marmor,Botticino Classico (30 mm),Marmor,30,1706,395,,-0.10,available,,,,,,
botticino-classico-20-mm-marmor,Botticino Classico (20 mm),Marmor,20,1706,395,,-0.10,available,,,,,,
grigio-carnico-30-mm-marmor,Grigio Carnico (30 mm),Marmor,30,2700,395,,-0.10,available,,,,,,
grigio-carnico-20-mm-marmor,Grigio Carnico (20 mm),Marmor,20,2700,395,,-0.10,available,,,,,,
nero-marquina-30-mm-marmor,Nero Marquina (30 mm),Marmor,30,3229,395,,-0.10,available,,,,,,
nero-marquina-20-mm-marmor,Nero Marquina (20 mm),Marmor,20,3229,395,,-0.10,available,,,,,,
nero-tropez-30-mm-marmor,Nero Tropez (30 mm),Marmor,30,2279,395,,-0.10,available,,,,,,
nero-tropez-20-mm-marmor,Nero Tropez (20 mm),Marmor,20,2279,395,,-0.10,available,,,,,,
verde-guatemala-30-mm-marmor,Verde Guatemala (30 mm),Marmor,30,1652,395,,-0.10,available,,,,,,
verde-guatemala-20-mm-marmor,Verde Guatemala (20 mm),Marmor,20,1652,395,,-0.10,available,,,,,,
azul-valverde-30-mm-kalksten,Azul Valverde (30 mm),Kalksten,30,1620,395,,-0.10,available,,,,,,
azul-valverde-20-mm-kalksten,Azul Valverde (20 mm),Kalksten,20,1620,395,,-0.10,available,,,,,,
dietfurt-grey-30-mm-kalksten,Dietfurt Grey (30 mm),Kalksten,30,2549,395,,-0.10,available,,,,,,
dietfurt-grey-20-mm-kalksten,Dietfurt Grey (20 mm),Kalksten,20,2549,395,,-0.10,available,,,,,,
grigio-st-moritz-20-mm-kalksten,Grigio St. Moritz (20 mm),Kalksten,20,2419,395,,-0.10,available,,,,,,
jura-grey-30-mm-kalksten,Jura Grey (30 mm),Kalksten,30,1490,395,,-0.10,available,,,,,,
jura-grey-20-mm-kalksten,Jura Grey (20 mm),Kalksten,20,1490,395,,-0.10,available,,,,,,
bricmate-azul-olive-12-mm-keramik,Bricmate Azul Olive (12 mm),Keramik,12,4277,420,,-0.10,available,,,,,,
bricmate-glanshammar-silk-12-mm-keramik,Bricmate Glanshammar Silk (12 mm),Keramik,12,4277,420,,-0.10,available,,,,,,
bricmate-jura-select-classic-12-mm-keramik,Bricmate Jura Select Classic (12 mm),Keramik,12,4277,420,,-0.10,available,,,,,,
bricmate-jura-select-ivory-12-mm-keramik,Bricmate Jura Select Ivory (12 mm),Keramik,12,4277,420,,-0.10,available,,,,,,
bricmate-kolmarden-light-12-mm-keramik,Bricmate Kolmården Light (12 mm),Keramik,12,4277,420,,-0.10,available,,,,,,
bricmate-norrvange-beige-12-mm-keramik,Bricmate Norrvange Beige (12 mm),Keramik,12,4277,420,,-0.10,available,,,,,,
bricmate-norrvange-ivory-12-mm-keramik,Bricmate Norrvange Ivory (12 mm),Keramik,12,4277,420,,-0.10,available,,,,,,
bricmate-norrvange-light-grey-12-mm-keramik,Bricmate Norrvange Light Grey (12 mm),Keramik,12,4277,420,,-0.10,available,,,,,,
bricmate-runo-warm-grey-20-mm-keramik,Bricmate Runö Warm Grey (20 mm),Keramik,20,4277,420,,-0.10,available,,,,,,
bricmate-runo-warm-grey-12-mm-keramik,Bricmate Runö Warm Grey (12 mm),Keramik,12,4277,420,,-0.10,available,,,,,,
atlas-cream-prestige-silk-12-mm-keramik,Atlas Cream Prestige Silk (12 mm),Keramik,12,2236,420,,-0.10,available,,,,,,
atlas-fior-di-bosco-12-mm-keramik,Atlas Fior Di Bosco (12 mm),Keramik,12,2333,420,,-0.10,available,,,,,,
atlas-nero-marquina-12-mm-keramik,Atlas Nero Marquina (12 mm),Keramik,12,2441,420,,-0.10,available,,,,,,
atlas-sky-stone-12-mm-keramik,Atlas Sky Stone (12 mm),Keramik,12,2441,420,,-0.10,available,,,,,,
dekton-aeris-20-mm-keramik,Dekton Aeris (20 mm),Keramik,20,2722,420,,-0.10,available,,,,,,
dekton-aeris-12-mm-keramik,Dekton Aeris (12 mm),Keramik,12,2722,420,,-0.10,available,,,,,,
dekton-arga-20-mm-keramik,Dekton Arga (20 mm),Keramik,20,4525,420,,-0.10,available,,,,,,
dekton-arga-12-mm-keramik,Dekton Arga (12 mm),Keramik,12,4525,420,,-0.10,available,,,,,,
dekton-bergen-20-mm-keramik,Dekton Bergen (20 mm),Keramik,20,5972,420,,-0.10,available,,,,,,
dekton-bergen-12-mm-keramik,Dekton Bergen (12 mm),Keramik,12,5972,420,,-0.10,available,,,,,,
dekton-entzo-20-mm-keramik,Dekton Entzo (20 mm),Keramik,20,5033,420,,-0.10,available,,,,,,
dekton-entzo-12-mm-keramik,Dekton Entzo (12 mm),Keramik,12,5033,420,,-0.10,available,,,,,,
dekton-grafite-20-mm-keramik,Dekton Grafite (20 mm),Keramik,20,4482,420,,-0.10,available,,,,,,
dekton-grafite-12-mm-keramik,Dekton Grafite (12 mm),Keramik,12,4482,420,,-0.10,available,,,,,,
dekton-grigio-20-mm-keramik,Dekton Grigio (20 mm),Keramik,20,4396,420,,-0.10,available,,,,,,
dekton-grigio-12-mm-keramik,Dekton Grigio (12 mm),Keramik,12,4396,420,,-0.10,available,,,,,,
dekton-kelya-20-mm-keramik,Dekton Kelya (20 mm),Keramik,20,4396,420,,-0.10,available,,,,,,
dekton-kelya-12-mm-keramik,Dekton Kelya (12 mm),Keramik,12,4396,420,,-0.10,available,,,,,,
dekton-taga-20-mm-keramik,Dekton Taga (20 mm),Keramik,20,5972,420,,-0.10,available,,,,,,
dekton-taga-12-mm-keramik,Dekton Taga (12 mm),Keramik,12,5972,420,,-0.10,available,,,,,,
infinity-calacatta-magnifico-20-mm-keramik,Infinity Calacatta Magnifico (20 mm),Keramik,20,2516,420,,-0.10,available,,,,,,
infinity-calacatta-magnifico-12-mm-keramik,Infinity Calacatta Magnifico (12 mm),Keramik,12,2516,420,,-0.10,available,,,,,,
infinity-travertino-chiaro-20-mm-keramik,Infinity Travertino Chiaro (20 mm),Keramik,20,2516,420,,-0.10,available,,,,,,
infinity-travertino-chiaro-12-mm-keramik,Infinity Travertino Chiaro (12 mm),Keramik,12,2516,420,,-0.10,available,,,,,,
laminam-calce-tortora-12-mm-keramik,Laminam Calce Tortora (12 mm),Keramik,12,3499,420,,-0.10,available,,,,,,
laminam-diamond-cream-20-mm-keramik,Laminam Diamond Cream (20 mm),Keramik,20,3888,420,,-0.10,available,,,,,,
laminam-diamond-cream-12-mm-keramik,Laminam Diamond Cream (12 mm),Keramik,12,3888,420,,-0.10,available,,,,,,
porcelanosa-calacatta-gold-12-mm-keramik,Porcelanosa Calacatta Gold (12 mm),Keramik,12,3758,420,,-0.10,available,,,,,,
porcelanosa-taj-mahal-12-mm-keramik,Porcelanosa Taj Mahal (12 mm),Keramik,12,3888,420,,-0.10,available,,,,,,
calacatta-30-mm-terrazzo,Calacatta (30 mm),Terrazzo,30,1566,395,,-0.10,available,,,,,,
calacatta-20-mm-terrazzo,Calacatta (20 mm),Terrazzo,20,1566,395,,-0.10,available,,,,,,
carrara-0-25-30-mm-terrazzo,Carrara 0/25 (30 mm),Terrazzo,30,1382,395,,-0.10,available,,,,,,
carrara-0-25-20-mm-terrazzo,Carrara 0/25 (20 mm),Terrazzo,20,1382,395,,-0.10,available,,,,,,
fior-di-pesco-30-mm-terrazzo,Fior Di Pesco (30 mm),Terrazzo,30,1620,395,,-0.10,available,,,,,,
fior-di-pesco-20-mm-terrazzo,Fior Di Pesco (20 mm),Terrazzo,20,1620,395,,-0.10,available,,,,,,
gv-0-25-30-mm-terrazzo,GV 0/25 (30 mm),Terrazzo,30,1382,395,,-0.10,available,,,,,,
gv-0-25-20-mm-terrazzo,GV 0/25 (20 mm),Terrazzo,20,1382,395,,-0.10,available,,,,,,
perlato-royal-30-mm-terrazzo,Perlato Royal (30 mm),Terrazzo,30,1512,395,,-0.10,available,,,,,,
perlato-royal-20-mm-terrazzo,Perlato Royal (20 mm),Terrazzo,20,1512,395,,-0.10,available,,,,,,
adamina-20-mm-kompositsten,Adamina (20 mm),Kompositsten,20,4255,350,,-0.10,available,,,,,,
airy-concrete-20-mm-kompositsten,Airy Concrete (20 mm),Kompositsten,20,4255,350,,-0.10,available,,,,,,
alpine-mist-30-mm-kompositsten,Alpine Mist (30 mm),Kompositsten,30,4255,350,,-0.10,available,,,,,,
alpine-mist-20-mm-kompositsten,Alpine Mist (20 mm),Kompositsten,20,4255,350,,-0.10,available,,,,,,
ambiente-light-30-mm-kompositsten,Ambiente Light (30 mm),Kompositsten,30,3996,350,,-0.10,available,,,,,,
ambiente-light-20-mm-kompositsten,Ambiente Light (20 mm),Kompositsten,20,3996,350,,-0.10,available,,,,,,
azur-creme-20-mm-kompositsten,Azur Creme (20 mm),Kompositsten,20,1760,350,,-0.10,available,,,,,,
bianco-drift-30-mm-kompositsten,Bianco Drift (30 mm),Kompositsten,30,4255,350,,-0.10,available,,,,,,
bianco-drift-20-mm-kompositsten,Bianco Drift (20 mm),Kompositsten,20,4255,350,,-0.10,available,,,,,,
black-tempal-20-mm-kompositsten,Black Tempal (20 mm),Kompositsten,20,4255,350,,-0.10,available,,,,,,
breeze-ashen-light-30-mm-kompositsten,Breeze Ashen Light (30 mm),Kompositsten,30,2938,350,,-0.10,available,,,,,,
breeze-ashen-light-20-mm-kompositsten,Breeze Ashen Light (20 mm),Kompositsten,20,2938,350,,-0.10,available,,,,,,
bretagne-20-mm-kompositsten,Bretagne (20 mm),Kompositsten,20,2128,350,,-0.10,available,,,,,,
brilliant-black-30-mm-kompositsten,Brilliant Black (30 mm),Kompositsten,30,1998,350,,-0.10,available,,,,,,
brilliant-black-20-mm-kompositsten,Brilliant Black (20 mm),Kompositsten,20,1998,350,,-0.10,available,,,,,,
brilliant-white-30-mm-kompositsten,Brilliant White (30 mm),Kompositsten,30,1998,350,,-0.10,available,,,,,,
brilliant-white-20-mm-kompositsten,Brilliant White (20 mm),Kompositsten,20,1998,350,,-0.10,available,,,,,,
calacatta-cannes-gold-20-mm-kompositsten,Calacatta Cannes Gold (20 mm),Kompositsten,20,2462,350,,-0.10,available,,,,,,
calacatta-concorde-20-mm-kompositsten,Calacatta Concorde (20 mm),Kompositsten,20,2311,350,,-0.10,available,,,,,,
calacatta-monaco-20-mm-kompositsten,Calacatta Monaco (20 mm),Kompositsten,20,2311,350,,-0.10,available,,,,,,
calacatta-nuvo-20-mm-kompositsten,Calacatta Nuvo (20 mm),Kompositsten,20,5281,350,,-0.10,available,,,,,,
calacatta-olympos-30-mm-kompositsten,Calacatta Olympos (30 mm),Kompositsten,30,3737,350,,-0.10,available,,,,,,
calacatta-olympos-20-mm-kompositsten,Calacatta Olympos (20 mm),Kompositsten,20,3737,350,,-0.10,available,,,,,,
calacatta-trua-20-mm-kompositsten,Calacatta Trua (20 mm),Kompositsten,20,2516,350,,-0.10,available,,,,,,
cassis-20-mm-kompositsten,Cassis (20 mm),Kompositsten,20,2462,350,,-0.10,available,,,,,,
chamonix-20-mm-kompositsten,Chamonix (20 mm),Kompositsten,20,2462,350,,-0.10,available,,,,,,
champagne-20-mm-kompositsten,Champagne (20 mm),Kompositsten,20,1523,350,,-0.10,available,,,,,,
charcoal-soapstone-30-mm-kompositsten,Charcoal Soapstone (30 mm),Kompositsten,30,3499,350,,-0.10,available,,,,,,
charcoal-soapstone-20-mm-kompositsten,Charcoal Soapstone (20 mm),Kompositsten,20,3499,350,,-0.10,available,,,,,,
clamshell-30-mm-kompositsten,Clamshell (30 mm),Kompositsten,30,3683,350,,-0.10,available,,,,,,
clamshell-20-mm-kompositsten,Clamshell (20 mm),Kompositsten,20,3683,350,,-0.10,available,,,,,,
cloudburst-concrete-30-mm-kompositsten,Cloudburst Concrete (30 mm),Kompositsten,30,4255,350,,-0.10,available,,,,,,
cloudburst-concrete-20-mm-kompositsten,Cloudburst Concrete (20 mm),Kompositsten,20,4255,350,,-0.10,available,,,,,,
coral-clay-30-mm-kompositsten,Coral Clay (30 mm),Kompositsten,30,3143,350,,-0.10,available,,,,,,
coral-clay-20-mm-kompositsten,Coral Clay (20 mm),Kompositsten,20,3143,350,,-0.10,available,,,,,,
crystal-absolute-white-30-mm-kompositsten,Crystal Absolute White (30 mm),Kompositsten,30,2257,350,,-0.10,available,,,,,,
crystal-absolute-white-20-mm-kompositsten,Crystal Absolute White (20 mm),Kompositsten,20,2257,350,,-0.10,available,,,,,,
crystal-calacatta-silva-30-mm-kompositsten,Crystal Calacatta Silva (30 mm),Kompositsten,30,3596,350,,-0.10,available,,,,,,
crystal-calacatta-silva-20-mm-kompositsten,Crystal Calacatta Silva (20 mm),Kompositsten,20,3596,350,,-0.10,available,,,,,,
crystal-diamond-30-mm-kompositsten,Crystal Diamond (30 mm),Kompositsten,30,2257,350,,-0.10,available,,,,,,
crystal-diamond-20-mm-kompositsten,Crystal Diamond (20 mm),Kompositsten,20,2257,350,,-0.10,available,,,,,,
crystal-polar-white-30-mm-kompositsten,Crystal Polar White (30 mm),Kompositsten,30,2257,350,,-0.10,available,,,,,,
crystal-polar-white-20-mm-kompositsten,Crystal Polar White (20 mm),Kompositsten,20,2257,350,,-0.10,available,,,,,,
darcrest-20-mm-kompositsten,Darcrest (20 mm),Kompositsten,20,4255,350,,-0.10,available,,,,,,
decore-ocra-20-mm-kompositsten,Decore Ocra (20 mm),Kompositsten,20,2938,350,,-0.10,available,,,,,,
dreamy-carrara-30-mm-kompositsten,Dreamy Carrara (30 mm),Kompositsten,30,4914,350,,-0.10,available,,,,,,
dreamy-carrara-20-mm-kompositsten,Dreamy Carrara (20 mm),Kompositsten,20,4914,350,,-0.10,available,,,,,,
empira-black-20-mm-kompositsten,Empira Black (20 mm),Kompositsten,20,5281,350,,-0.10,available,,,,,,
empira-white-20-mm-kompositsten,Empira White (20 mm),Kompositsten,20,5281,350,,-0.10,available,,,,,,
fossil-nautilus-20-mm-kompositsten,Fossil Nautilus (20 mm),Kompositsten,20,2938,350,,-0.10,available,,,,,,
frosty-carrina-30-mm-kompositsten,Frosty Carrina (30 mm),Kompositsten,30,4255,350,,-0.10,available,,,,,,
frosty-carrina-20-mm-kompositsten,Frosty Carrina (20 mm),Kompositsten,20,4255,350,,-0.10,available,,,,,,
glencoe-30-mm-kompositsten,Glencoe (30 mm),Kompositsten,30,3737,350,,-0.10,available,,,,,,
glencoe-20-mm-kompositsten,Glencoe (20 mm),Kompositsten,20,3737,350,,-0.10,available,,,,,,
gobi-black-30-mm-kompositsten,Gobi Black (30 mm),Kompositsten,30,1728,350,,-0.10,available,,,,,,
gobi-black-20-mm-kompositsten,Gobi Black (20 mm),Kompositsten,20,1728,350,,-0.10,available,,,,,,
gobi-grey-30-mm-kompositsten,Gobi Grey (30 mm),Kompositsten,30,1728,350,,-0.10,available,,,,,,
gobi-grey-20-mm-kompositsten,Gobi Grey (20 mm),Kompositsten,20,1728,350,,-0.10,available,,,,,,
gobi-urban-30-mm-kompositsten,Gobi Urban (30 mm),Kompositsten,30,1728,350,,-0.10,available,,,,,,
gobi-urban-20-mm-kompositsten,Gobi Urban (20 mm),Kompositsten,20,1728,350,,-0.10,available,,,,,,
lavic-navajo-30-mm-kompositsten,Lavic Navajo (30 mm),Kompositsten,30,2387,350,,-0.10,available,,,,,,
lavic-navajo-20-mm-kompositsten,Lavic Navajo (20 mm),Kompositsten,20,2387,350,,-0.10,available,,,,,,
london-grey-30-mm-kompositsten,London Grey (30 mm),Kompositsten,30,4255,350,,-0.10,available,,,,,,
london-grey-20-mm-kompositsten,London Grey (20 mm),Kompositsten,20,4255,350,,-0.10,available,,,,,,
moorland-fog-30-mm-kompositsten,Moorland Fog (30 mm),Kompositsten,30,4255,350,,-0.10,available,,,,,,
moorland-fog-20-mm-kompositsten,Moorland Fog (20 mm),Kompositsten,20,4255,350,,-0.10,available,,,,,,
mystery-white-30-mm-kompositsten,Mystery White (30 mm),Kompositsten,30,3596,350,,-0.10,available,,,,,,
mystery-white-20-mm-kompositsten,Mystery White (20 mm),Kompositsten,20,3596,350,,-0.10,available,,,,,,
noble-arco-30-mm-kompositsten,Noble Arco (30 mm),Kompositsten,30,2516,350,,-0.10,available,,,,,,
noble-arco-20-mm-kompositsten,Noble Arco (20 mm),Kompositsten,20,2516,350,,-0.10,available,,,,,,
noble-areti-bianco-30-mm-kompositsten,Noble Areti Bianco (30 mm),Kompositsten,30,2516,350,,-0.10,available,,,,,,
noble-areti-bianco-20-mm-kompositsten,Noble Areti Bianco (20 mm),Kompositsten,20,2516,350,,-0.10,available,,,,,,
noble-athos-brown-30-mm-kompositsten,Noble Athos Brown (30 mm),Kompositsten,30,2149,350,,-0.10,available,,,,,,
noble-athos-brown-20-mm-kompositsten,Noble Athos Brown (20 mm),Kompositsten,20,2149,350,,-0.10,available,,,,,,
noble-carrara-30-mm-kompositsten,Noble Carrara (30 mm),Kompositsten,30,2149,350,,-0.10,available,,,,,,
noble-carrara-20-mm-kompositsten,Noble Carrara (20 mm),Kompositsten,20,2149,350,,-0.10,available,,,,,,
noble-concrete-grey-30-mm-kompositsten,Noble Concrete Grey (30 mm),Kompositsten,30,1998,350,,-0.10,available,,,,,,
noble-concrete-grey-20-mm-kompositsten,Noble Concrete Grey (20 mm),Kompositsten,20,1998,350,,-0.10,available,,,,,,
noble-ivory-white-30-mm-kompositsten,Noble Ivory White (30 mm),Kompositsten,30,1998,350,,-0.10,available,,,,,,
noble-ivory-white-20-mm-kompositsten,Noble Ivory White (20 mm),Kompositsten,20,1998,350,,-0.10,available,,,,,,
noble-olympos-mist-30-mm-kompositsten,Noble Olympos Mist (30 mm),Kompositsten,30,2516,350,,-0.10,available,,,,,,
noble-olympos-mist-20-mm-kompositsten,Noble Olympos Mist (20 mm),Kompositsten,20,2516,350,,-0.10,available,,,,,,
noble-pietra-grey-30-mm-kompositsten,Noble Pietra Grey (30 mm),Kompositsten,30,1998,350,,-0.10,available,,,,,,
noble-pietra-grey-20-mm-kompositsten,Noble Pietra Grey (20 mm),Kompositsten,20,1998,350,,-0.10,available,,,,,,
noble-quartzite-30-mm-kompositsten,Noble Quartzite (30 mm),Kompositsten,30,2516,350,,-0.10,available,,,,,,
noble-quartzite-20-mm-kompositsten,Noble Quartzite (20 mm),Kompositsten,20,2516,350,,-0.10,available,,,,,,
noble-supreme-white-30-mm-kompositsten,Noble Supreme White (30 mm),Kompositsten,30,2516,350,,-0.10,available,,,,,,
noble-supreme-white-20-mm-kompositsten,Noble Supreme White (20 mm),Kompositsten,20,2516,350,,-0.10,available,,,,,,
noble-troya-30-mm-kompositsten,Noble Troya (30 mm),Kompositsten,30,1998,350,,-0.10,available,,,,,,
noble-troya-20-mm-kompositsten,Noble Troya (20 mm),Kompositsten,20,1998,350,,-0.10,available,,,,,,
noble-villa-20-mm-kompositsten,Noble Villa (20 mm),Kompositsten,20,2516,350,,-0.10,available,,,,,,
noble-vintage-30-mm-kompositsten,Noble Vintage (30 mm),Kompositsten,30,1890,350,,-0.10,available,,,,,,
noble-vintage-20-mm-kompositsten,Noble Vintage (20 mm),Kompositsten,20,1890,350,,-0.10,available,,,,,,
nougat-20-mm-kompositsten,Nougat (20 mm),Kompositsten,20,3100,350,,-0.10,available,,,,,,
organic-white-20-mm-kompositsten,Organic White (20 mm),Kompositsten,20,3629,350,,-0.10,available,,,,,,
oxidian-20-mm-kompositsten,Oxidian (20 mm),Kompositsten,20,4255,350,,-0.10,available,,,,,,
oyster-30-mm-kompositsten,Oyster (30 mm),Kompositsten,30,3683,350,,-0.10,available,,,,,,
oyster-20-mm-kompositsten,Oyster (20 mm),Kompositsten,20,3683,350,,-0.10,available,,,,,,
piatra-grey-30-mm-kompositsten,Piatra Grey (30 mm),Kompositsten,30,4255,350,,-0.10,available,,,,,,
piatra-grey-20-mm-kompositsten,Piatra Grey (20 mm),Kompositsten,20,4255,350,,-0.10,available,,,,,,
planet-mars-30-mm-kompositsten,Planet Mars (30 mm),Kompositsten,30,3942,350,,-0.10,available,,,,,,
planet-mars-20-mm-kompositsten,Planet Mars (20 mm),Kompositsten,20,3942,350,,-0.10,available,,,,,,
planet-pluto-30-mm-kompositsten,Planet Pluto (30 mm),Kompositsten,30,3942,350,,-0.10,available,,,,,,
planet-pluto-20-mm-kompositsten,Planet Pluto (20 mm),Kompositsten,20,3942,350,,-0.10,available,,,,,,
pure-white-30-mm-kompositsten,Pure White (30 mm),Kompositsten,30,3629,350,,-0.10,available,,,,,,
pure-white-20-mm-kompositsten,Pure White (20 mm),Kompositsten,20,3629,350,,-0.10,available,,,,,,
raven-30-mm-kompositsten,Raven (30 mm),Kompositsten,30,3683,350,,-0.10,available,,,,,,
raven-20-mm-kompositsten,Raven (20 mm),Kompositsten,20,3683,350,,-0.10,available,,,,,,
residente-dark-20-mm-kompositsten,Residente Dark (20 mm),Kompositsten,20,3996,350,,-0.10,available,,,,,,
riverlet-20-mm-kompositsten,Riverlet (20 mm),Kompositsten,20,3996,350,,-0.10,available,,,,,,
rugged-concrete-30-mm-kompositsten,Rugged Concrete (30 mm),Kompositsten,30,4255,350,,-0.10,available,,,,,,
rugged-concrete-20-mm-kompositsten,Rugged Concrete (20 mm),Kompositsten,20,4255,350,,-0.10,available,,,,,,
shitake-30-mm-kompositsten,Shitake (30 mm),Kompositsten,30,3683,350,,-0.10,available,,,,,,
shitake-20-mm-kompositsten,Shitake (20 mm),Kompositsten,20,3683,350,,-0.10,available,,,,,,
snow-30-mm-kompositsten,Snow (30 mm),Kompositsten,30,3100,350,,-0.10,available,,,,,,
snow-20-mm-kompositsten,Snow (20 mm),Kompositsten,20,3100,350,,-0.10,available,,,,,,
snowy-ibiza-30-mm-kompositsten,Snowy Ibiza (30 mm),Kompositsten,30,2657,350,,-0.10,available,,,,,,
snowy-ibiza-20-mm-kompositsten,Snowy Ibiza (20 mm),Kompositsten,20,2657,350,,-0.10,available,,,,,,
starlight-black-30-mm-kompositsten,Starlight Black (30 mm),Kompositsten,30,1728,350,,-0.10,available,,,,,,
starlight-black-20-mm-kompositsten,Starlight Black (20 mm),Kompositsten,20,1728,350,,-0.10,available,,,,,,
starlight-white-30-mm-kompositsten,Starlight White (30 mm),Kompositsten,30,1728,350,,-0.10,available,,,,,,
starlight-white-20-mm-kompositsten,Starlight White (20 mm),Kompositsten,20,1728,350,,-0.10,available,,,,,,
symphony-grey-30-mm-kompositsten,Symphony Grey (30 mm),Kompositsten,30,4255,350,,-0.10,available,,,,,,
symphony-grey-20-mm-kompositsten,Symphony Grey (20 mm),Kompositsten,20,4255,350,,-0.10,available,,,,,,
taj-royale-20-mm-kompositsten,Taj Royale (20 mm),Kompositsten,20,4255,350,,-0.10,available,,,,,,
tarn-20-mm-kompositsten,Tarn (20 mm),Kompositsten,20,2786,350,,-0.10,available,,,,,,
turbine-grey-30-mm-kompositsten,Turbine Grey (30 mm),Kompositsten,30,4255,350,,-0.10,available,,,,,,
turbine-grey-20-mm-kompositsten,Turbine Grey (20 mm),Kompositsten,20,4255,350,,-0.10,available,,,,,,
vanilla-noir-30-mm-kompositsten,Vanilla Noir (30 mm),Kompositsten,30,4255,350,,-0.10,available,,,,,,
vanilla-noir-20-mm-kompositsten,Vanilla Noir (20 mm),Kompositsten,20,4255,350,,-0.10,available,,,,,,
veined-michelangelo-30-mm-kompositsten,Veined Michelangelo (30 mm),Kompositsten,30,3542,350,,-0.10,available,,,,,,
veined-michelangelo-20-mm-kompositsten,Veined Michelangelo (20 mm),Kompositsten,20,3542,350,,-0.10,available,,,,,,
white-attica-30-mm-kompositsten,White Attica (30 mm),Kompositsten,30,4255,350,,-0.10,available,,,,,,
white-attica-20-mm-kompositsten,White Attica (20 mm),Kompositsten,20,4255,350,,-0.10,available,,,,,,
woodlands-30-mm-kompositsten,Woodlands (30 mm),Kompositsten,30,4255,350,,-0.10,available,,,,,,
woodlands-20-mm-kompositsten,Woodlands (20 mm),Kompositsten,20,4255,350,,-0.10,available,,,,,,
wyndigo-20-mm-kompositsten,Wyndigo (20 mm),Kompositsten,20,3996,350,,-0.10,available,,,,,,
yukon-30-mm-kompositsten,Yukon (30 mm),Kompositsten,30,3424,350,,-0.10,available,,,,,,
yukon-20-mm-kompositsten,Yukon (20 mm),Kompositsten,20,3424,350,,-0.10,available,,,,,,
balmoral-red-30-mm-granit,Balmoral Red (30 mm),Granit,30,,395,,,backorder,,,,,,
balmoral-red-20-mm-granit,Balmoral Red (20 mm),Granit,20,,395,,,backorder,,,,,,
baltic-brown-30-mm-granit,Baltic Brown (30 mm),Granit,30,,395,,,backorder,,,,,,
baltic-brown-20-mm-granit,Baltic Brown (20 mm),Granit,20,,395,,,backorder,,,,,,
black-forest-30-mm-granit,Black Forest (30 mm),Granit,30,,395,,,backorder,,,,,,
black-forest-20-mm-granit,Black Forest (20 mm),Granit,20,,395,,,backorder,,,,,,
black-pearl-30-mm-granit,Black Pearl (30 mm),Granit,30,,395,,,backorder,,,,,,
black-pearl-20-mm-granit,Black Pearl (20 mm),Granit,20,,395,,,backorder,,,,,,
cambrian-black-30-mm-granit,Cambrian Black (30 mm),Granit,30,,395,,,backorder,,,,,,
cambrian-black-20-mm-granit,Cambrian Black (20 mm),Granit,20,,395,,,backorder,,,,,,
cosmic-black-20-mm-granit,Cosmic Black (20 mm),Granit,20,,395,,,backorder,,,,,,
grigio-aveiro-30-mm-granit,Grigio Aveiro (30 mm),Granit,30,,395,,,backorder,,,,,,
grigio-aveiro-20-mm-granit,Grigio Aveiro (20 mm),Granit,20,,395,,,backorder,,,,,,
jurassic-grey-30-mm-granit,Jurassic Grey (30 mm),Granit,30,,395,,,backorder,,,,,,
jurassic-grey-20-mm-granit,Jurassic Grey (20 mm),Granit,20,,395,,,backorder,,,,,,
marinace-black-30-mm-granit,Marinace Black (30 mm),Granit,30,,395,,,backorder,,,,,,
marinace-black-20-mm-granit,Marinace Black (20 mm),Granit,20,,395,,,backorder,,,,,,
tan-brown-30-mm-granit,Tan Brown (30 mm),Granit,30,,395,,,backorder,,,,,,
tan-brown-20-mm-granit,Tan Brown (20 mm),Granit,20,,395,,,backorder,,,,,,
verde-bahia-ubatuba-30-mm-granit,Verde Bahia / Ubatuba (30 mm),Granit,30,,395,,,backorder,,,,,,
verde-bahia-ubatuba-20-mm-granit,Verde Bahia / Ubatuba (20 mm),Granit,20,,395,,,backorder,,,,,,
virginia-black-30-mm-granit,Virginia Black (30 mm),Granit,30,,395,,,backorder,,,,,,
virginia-black-20-mm-granit,Virginia Black (20 mm),Granit,20,,395,,,backorder,,,,,,
antartide-30-mm-marmor,Antartide (30 mm),Marmor,30,,395,,,backorder,,,,,,
antartide-20-mm-marmor,Antartide (20 mm),Marmor,20,,395,,,backorder,,,,,,
azul-celeste-20-mm-marmor,Azul Celeste (20 mm),Marmor,20,,395,,,backorder,,,,,,
bardiglio-30-mm-marmor,Bardiglio (30 mm),Marmor,30,,395,,,backorder,,,,,,
bardiglio-20-mm-marmor,Bardiglio (20 mm),Marmor,20,,395,,,backorder,,,,,,
black-gold-30-mm-marmor,Black & Gold (30 mm),Marmor,30,,395,,,backorder,,,,,,
black-gold-20-mm-marmor,Black & Gold (20 mm),Marmor,20,,395,,,backorder,,,,,,
breccia-sarda-scorpion-30-mm-marmor,Breccia Sarda / Scorpion (30 mm),Marmor,30,,395,,,backorder,,,,,,
breccia-sarda-scorpion-20-mm-marmor,Breccia Sarda / Scorpion (20 mm),Marmor,20,,395,,,backorder,,,,,,
calacatta-belgia-30-mm-marmor,Calacatta Belgia (30 mm),Marmor,30,,395,,,backorder,,,,,,
calacatta-belgia-20-mm-marmor,Calacatta Belgia (20 mm),Marmor,20,,395,,,backorder,,,,,,
calacatta-viola-20-mm-marmor,Calacatta Viola (20 mm),Marmor,20,,395,,,backorder,,,,,,
fantastico-arni-30-mm-marmor,Fantastico Arni (30 mm),Marmor,30,,395,,,backorder,,,,,,
fantastico-arni-20-mm-marmor,Fantastico Arni (20 mm),Marmor,20,,395,,,backorder,,,,,,
macchia-vecchia-30-mm-marmor,Macchia Vecchia (30 mm),Marmor,30,,395,,,backorder,,,,,,
macchia-vecchia-20-mm-marmor,Macchia Vecchia (20 mm),Marmor,20,,395,,,backorder,,,,,,
crema-perla-30-mm-kalksten,Crema Perla (30 mm),Kalksten,30,,395,,,backorder,,,,,,
crema-perla-20-mm-kalksten,Crema Perla (20 mm),Kalksten,20,,395,,,backorder,,,,,,
thala-grey-30-mm-kalksten,Thala Grey (30 mm),Kalksten,30,,395,,,backorder,,,,,,
thala-grey-20-mm-kalksten,Thala Grey (20 mm),Kalksten,20,,395,,,backorder,,,,,,
bricmate-norrvange-grey-12-mm-keramik,Bricmate Norrvange Grey (12 mm),Keramik,12,,420,,,backorder,,,,,,
atlas-black-tempest-12-mm-keramik,Atlas Black Tempest (12 mm),Keramik,12,,420,,,backorder,,,,,,
atlas-travertino-sand-12-mm-keramik,Atlas Travertino Sand (12 mm),Keramik,12,,420,,,backorder,,,,,,
laminam-bianco-assoluto-12-mm-keramik,Laminam Bianco Assoluto (12 mm),Keramik,12,,420,,,backorder,,,,,,
laminam-calce-avorio-12-mm-keramik,Laminam Calce Avorio (12 mm),Keramik,12,,420,,,backorder,,,,,,
porcelanosa-astana-grey-12-mm-keramik,Porcelanosa Astana Grey (12 mm),Keramik,12,,420,,,backorder,,,,,,
porcelanosa-blue-roma-12-mm-keramik,Porcelanosa Blue Roma (12 mm),Keramik,12,,420,,,backorder,,,,,,
porcelanosa-fiori-di-bosco-12-mm-keramik,Porcelanosa Fiori di Bosco (12 mm),Keramik,12,,420,,,backorder,,,,,,
porcelanosa-invisible-white-12-mm-keramik,Porcelanosa Invisible White (12 mm),Keramik,12,,420,,,backorder,,,,,,
porcelanosa-marquina-black-12-mm-keramik,Porcelanosa Marquina Black (12 mm),Keramik,12,,420,,,backorder,,,,,,
porcelanosa-orobico-dark-12-mm-keramik,Porcelanosa Orobico Dark (12 mm),Keramik,12,,420,,,backorder,,,,,,
porcelanosa-viola-blue-12-mm-keramik,Porcelanosa Viola Blue (12 mm),Keramik,12,,420,,,backorder,,,,,,
aluminio-nube-30-mm-kompositsten,Aluminio Nube (30 mm),Kompositsten,30,,350,,,backorder,,,,,,
aluminio-nube-20-mm-kompositsten,Aluminio Nube (20 mm),Kompositsten,20,,350,,,backorder,,,,,,
ariel-30-mm-kompositsten,Ariel (30 mm),Kompositsten,30,,350,,,backorder,,,,,,
ariel-20-mm-kompositsten,Ariel (20 mm),Kompositsten,20,,350,,,backorder,,,,,,
bianco-river-30-mm-kompositsten,Bianco River (30 mm),Kompositsten,30,,350,,,backorder,,,,,,
bianco-river-20-mm-kompositsten,Bianco River (20 mm),Kompositsten,20,,350,,,backorder,,,,,,
blanco-orion-30-mm-kompositsten,Blanco Orion (30 mm),Kompositsten,30,,350,,,backorder,,,,,,
blanco-orion-20-mm-kompositsten,Blanco Orion (20 mm),Kompositsten,20,,350,,,backorder,,,,,,
blanco-zeus-30-mm-kompositsten,Blanco Zeus (30 mm),Kompositsten,30,,350,,,backorder,,,,,,
blanco-zeus-20-mm-kompositsten,Blanco Zeus (20 mm),Kompositsten,20,,350,,,backorder,,,,,,
brilliant-arabesco-30-mm-kompositsten,Brilliant Arabesco (30 mm),Kompositsten,30,,350,,,backorder,,,,,,
brilliant-arabesco-20-mm-kompositsten,Brilliant Arabesco (20 mm),Kompositsten,20,,350,,,backorder,,,,,,
burnt-cordite-20-mm-kompositsten,Burnt Cordite (20 mm),Kompositsten,20,,350,,,backorder,,,,,,
calacatta-pastino-30-mm-kompositsten,Calacatta Pastino (30 mm),Kompositsten,30,,350,,,backorder,,,,,,
calacatta-pastino-20-mm-kompositsten,Calacatta Pastino (20 mm),Kompositsten,20,,350,,,backorder,,,,,,
calacatta-serchio-30-mm-kompositsten,Calacatta Serchio (30 mm),Kompositsten,30,,350,,,backorder,,,,,,
calacatta-serchio-20-mm-kompositsten,Calacatta Serchio (20 mm),Kompositsten,20,,350,,,backorder,,,,,,
calacatta-volegno-30-mm-kompositsten,Calacatta Volegno (30 mm),Kompositsten,30,,350,,,backorder,,,,,,
calacatta-volegno-20-mm-kompositsten,Calacatta Volegno (20 mm),Kompositsten,20,,350,,,backorder,,,,,,
crystal-anthracite-30-mm-kompositsten,Crystal Anthracite (30 mm),Kompositsten,30,,350,,,backorder,,,,,,
crystal-anthracite-20-mm-kompositsten,Crystal Anthracite (20 mm),Kompositsten,20,,350,,,backorder,,,,,,
crystal-nevada-30-mm-kompositsten,Crystal Nevada (30 mm),Kompositsten,30,,350,,,backorder,,,,,,
crystal-nevada-20-mm-kompositsten,Crystal Nevada (20 mm),Kompositsten,20,,350,,,backorder,,,,,,
crystal-royal-30-mm-kompositsten,Crystal Royal (30 mm),Kompositsten,30,,350,,,backorder,,,,,,
crystal-royal-20-mm-kompositsten,Crystal Royal (20 mm),Kompositsten,20,,350,,,backorder,,,,,,
elegance-eco-nev-30-mm-kompositsten,Elegance Eco Nev (30 mm),Kompositsten,30,,350,,,backorder,,,,,,
elegance-eco-nev-20-mm-kompositsten,Elegance Eco Nev (20 mm),Kompositsten,20,,350,,,backorder,,,,,,
eternal-calacatta-gold-30-mm-kompositsten,Eternal Calacatta Gold (30 mm),Kompositsten,30,,350,,,backorder,,,,,,
eternal-calacatta-gold-20-mm-kompositsten,Eternal Calacatta Gold (20 mm),Kompositsten,20,,350,,,backorder,,,,,,
eternal-marquina-30-mm-kompositsten,Eternal Marquina (30 mm),Kompositsten,30,,350,,,backorder,,,,,,
eternal-marquina-20-mm-kompositsten,Eternal Marquina (20 mm),Kompositsten,20,,350,,,backorder,,,,,,
eternal-serena-30-mm-kompositsten,Eternal Serena (30 mm),Kompositsten,30,,350,,,backorder,,,,,,
eternal-serena-20-mm-kompositsten,Eternal Serena (20 mm),Kompositsten,20,,350,,,backorder,,,,,,
eternal-statuario-30-mm-kompositsten,Eternal Statuario (30 mm),Kompositsten,30,,350,,,backorder,,,,,,
eternal-statuario-20-mm-kompositsten,Eternal Statuario (20 mm),Kompositsten,20,,350,,,backorder,,,,,,
goldfinch-30-mm-kompositsten,Goldfinch (30 mm),Kompositsten,30,,350,,,backorder,,,,,,
goldfinch-20-mm-kompositsten,Goldfinch (20 mm),Kompositsten,20,,350,,,backorder,,,,,,
harmonia-yosemite-30-mm-kompositsten,Harmonia Yosemite (30 mm),Kompositsten,30,,350,,,backorder,,,,,,
harmonia-yosemite-20-mm-kompositsten,Harmonia Yosemite (20 mm),Kompositsten,20,,350,,,backorder,,,,,,
honey-galaxy-30-mm-kompositsten,Honey Galaxy (30 mm),Kompositsten,30,,350,,,backorder,,,,,,
honey-galaxy-20-mm-kompositsten,Honey Galaxy (20 mm),Kompositsten,20,,350,,,backorder,,,,,,
iconic-white-30-mm-kompositsten,Iconic White (30 mm),Kompositsten,30,,350,,,backorder,,,,,,
iconic-white-20-mm-kompositsten,Iconic White (20 mm),Kompositsten,20,,350,,,backorder,,,,,,
imperial-meringa-30-mm-kompositsten,Imperial Meringa (30 mm),Kompositsten,30,,350,,,backorder,,,,,,
imperial-meringa-20-mm-kompositsten,Imperial Meringa (20 mm),Kompositsten,20,,350,,,backorder,,,,,,
lagoon-30-mm-kompositsten,Lagoon (30 mm),Kompositsten,30,,350,,,backorder,,,,,,
lagoon-20-mm-kompositsten,Lagoon (20 mm),Kompositsten,20,,350,,,backorder,,,,,,
lyra-30-mm-kompositsten,Lyra (30 mm),Kompositsten,30,,350,,,backorder,,,,,,
lyra-20-mm-kompositsten,Lyra (20 mm),Kompositsten,20,,350,,,backorder,,,,,,
noble-imperial-grey-20-mm-kompositsten,Noble Imperial Grey (20 mm),Kompositsten,20,,350,,,backorder,,,,,,
noble-pro-cloud-30-mm-kompositsten,Noble Pro Cloud (30 mm),Kompositsten,30,,350,,,backorder,,,,,,
noble-pro-cloud-20-mm-kompositsten,Noble Pro Cloud (20 mm),Kompositsten,20,,350,,,backorder,,,,,,
noble-pro-frost-30-mm-kompositsten,Noble Pro Frost (30 mm),Kompositsten,30,,350,,,backorder,,,,,,
noble-pro-frost-20-mm-kompositsten,Noble Pro Frost (20 mm),Kompositsten,20,,350,,,backorder,,,,,,
noble-pro-storm-30-mm-kompositsten,Noble Pro Storm (30 mm),Kompositsten,30,,350,,,backorder,,,,,,
noble-pro-storm-20-mm-kompositsten,Noble Pro Storm (20 mm),Kompositsten,20,,350,,,backorder,,,,,,
ocean-reef-30-mm-kompositsten,Ocean Reef (30 mm),Kompositsten,30,,350,,,backorder,,,,,,
ocean-reef-20-mm-kompositsten,Ocean Reef (20 mm),Kompositsten,20,,350,,,backorder,,,,,,
planet-mercury-30-mm-kompositsten,Planet Mercury (30 mm),Kompositsten,30,,350,,,backorder,,,,,,
planet-mercury-20-mm-kompositsten,Planet Mercury (20 mm),Kompositsten,20,,350,,,backorder,,,,,,
planet-neptune-30-mm-kompositsten,Planet Neptune (30 mm),Kompositsten,30,,350,,,backorder,,,,,,
planet-neptune-20-mm-kompositsten,Planet Neptune (20 mm),Kompositsten,20,,350,,,backorder,,,,,,
rossa-nova-30-mm-kompositsten,Rossa Nova (30 mm),Kompositsten,30,,350,,,backorder,,,,,,
rossa-nova-20-mm-kompositsten,Rossa Nova (20 mm),Kompositsten,20,,350,,,backorder,,,,,,
statuario-maximus-30-mm-kompositsten,Statuario Maximus (30 mm),Kompositsten,30,,350,,,backorder,,,,,,
statuario-maximus-20-mm-kompositsten,Statuario Maximus (20 mm),Kompositsten,20,,350,,,backorder,,,,,,
taurus-black-30-mm-kompositsten,Taurus Black (30 mm),Kompositsten,30,,350,,,backorder,,,,,,
taurus-black-20-mm-kompositsten,Taurus Black (20 mm),Kompositsten,20,,350,,,backorder,,,,,,
taurus-terazzo-black-20-mm-kompositsten,Taurus Terazzo Black (20 mm),Kompositsten,20,,350,,,backorder,,,,,,
taurus-terazzo-dark-20-mm-kompositsten,Taurus Terazzo Dark (20 mm),Kompositsten,20,,350,,,backorder,,,,,,
taurus-terazzo-grey-20-mm-kompositsten,Taurus Terazzo Grey (20 mm),Kompositsten,20,,350,,,backorder,,,,,,
taurus-terazzo-white-20-mm-kompositsten,Taurus Terazzo White (20 mm),Kompositsten,20,,350,,,backorder,,,,,,
blue-roma-30-mm-kvartsit,Blue Roma (30 mm),Kvartsit,30,,420,,,backorder,,,,,,
blue-roma-20-mm-kvartsit,Blue Roma (20 mm),Kvartsit,20,,420,,,backorder,,,,,,
brown-silk-30-mm-kvartsit,Brown Silk (30 mm),Kvartsit,30,,420,,,backorder,,,,,,
brown-silk-20-mm-kvartsit,Brown Silk (20 mm),Kvartsit,20,,420,,,backorder,,,,,,
double-brown-30-mm-kvartsit,Double Brown (30 mm),Kvartsit,30,,420,,,backorder,,,,,,
double-brown-20-mm-kvartsit,Double Brown (20 mm),Kvartsit,20,,420,,,backorder,,,,,,
